{"_class":"page","do_objectID":"C9CC7D6D-77C1-4398-9E25-D14F13F35B82","exportOptions":{"_class":"exportOptions","exportFormats":[],"includedLayerIds":[],"layerOptions":0,"shouldTrim":false},"frame":{"_class":"rect","constrainProportions":false,"height":300,"width":300,"x":0,"y":0},"isFlippedHorizontal":false,"isFlippedVertical":false,"isLocked":false,"isVisible":true,"layerListExpandedType":0,"name":"Symbols","nameIsFixed":false,"resizingConstraint":63,"resizingType":0,"rotation":0,"shouldBreakMaskChain":false,"style":{"_class":"style","endDecorationType":0,"miterLimit":10,"startDecorationType":0},"hasClickThrough":true,"layers":[],"horizontalRulerData":{"_class":"rulerData","base":-463,"guides":[]},"includeInCloudUpload":true,"verticalRulerData":{"_class":"rulerData","base":-232,"guides":[]}}