{"_class":"document","do_objectID":"5D4EF682-789F-405C-B77A-C8D151933661","assets":{"_class":"assetCollection","colors":[],"gradients":[],"imageCollection":{"_class":"imageCollection","images":{}},"images":[]},"colorSpace":0,"currentPageIndex":0,"enableLayerInteraction":true,"enableSliceInteraction":true,"foreignSymbols":[],"layerStyles":{"_class":"sharedStyleContainer","objects":[]},"layerSymbols":{"_class":"symbolContainer","objects":[]},"layerTextStyles":{"_class":"sharedTextStyleContainer","objects":[]},"pages":[{"_class":"MSJSONFileReference","_ref_class":"MSImmutablePage","_ref":"pages\/3FD23593-DD15-419D-8995-2559DD077959"}],"userInfo":{"com.invisionlabs.sync":{"metadata":"{\"hasSynced\":0,\"hasProjectIdChanged\":0,\"projectId\":0,\"publicLink\":\"\",\"resolution\":2,\"syncAll\":1}"}}}