{"commit":"80ddf8a336f285dfa2b96d05e69dba5714b6f0c4","pagesAndArtboards":{"3FD23593-DD15-419D-8995-2559DD077959":{"name":"Page 1","artboards":{"5CD285F1-AA0D-4581-8175-74D4D657C9EA":{"name":"logo-text"},"D8D5ABCC-D1BA-40D2-9DE6-085DEC8A0981":{"name":"logo-symbol"},"213AE9CB-AD76-46AA-9AF8-31042DB974F9":{"name":"logo-vertical"},"27D3D6DE-FC1C-4DD7-BBC2-DFF292426F62":{"name":"logo"}}}},"version":95,"fonts":["SFUIDisplay-Ultralight","SFUIDisplay-Semibold"],"compatibilityVersion":93,"app":"com.bohemiancoding.sketch3","autosaved":0,"variant":"NONAPPSTORE","created":{"commit":"80ddf8a336f285dfa2b96d05e69dba5714b6f0c4","appVersion":"47","build":45396,"app":"com.bohemiancoding.sketch3","compatibilityVersion":93,"version":95,"variant":"NONAPPSTORE"},"saveHistory":["NONAPPSTORE.45396"],"appVersion":"47","build":45396}