{"commit":"d5cff89adfb6ffc45ca7b7d58d65cada3f63f39a","pagesAndArtboards":{"3FD23593-DD15-419D-8995-2559DD077959":{"name":"Page 1","artboards":{"5CD285F1-AA0D-4581-8175-74D4D657C9EA":{"name":"logo-text"},"D8D5ABCC-D1BA-40D2-9DE6-085DEC8A0981":{"name":"logo-symbol"},"213AE9CB-AD76-46AA-9AF8-31042DB974F9":{"name":"logo-vertical"},"27D3D6DE-FC1C-4DD7-BBC2-DFF292426F62":{"name":"logo"}}}},"version":95,"fonts":["SFUIDisplay-Regular","SFUIDisplay-Bold"],"compatibilityVersion":93,"app":"com.bohemiancoding.sketch3","autosaved":0,"variant":"NONAPPSTORE","created":{"commit":"d5cff89adfb6ffc45ca7b7d58d65cada3f63f39a","appVersion":"47.1","build":45422,"app":"com.bohemiancoding.sketch3","compatibilityVersion":93,"version":95,"variant":"NONAPPSTORE"},"saveHistory":["NONAPPSTORE.45422"],"appVersion":"47.1","build":45422}