{"_class":"document","do_objectID":"F999360F-7ADF-4A70-81E7-615C5E17D6C1","assets":{"_class":"assetCollection","colors":[],"gradients":[],"imageCollection":{"_class":"imageCollection","images":{}},"images":[]},"colorSpace":0,"currentPageIndex":0,"enableLayerInteraction":true,"enableSliceInteraction":true,"foreignSymbols":[],"layerStyles":{"_class":"sharedStyleContainer","objects":[]},"layerSymbols":{"_class":"symbolContainer","objects":[]},"layerTextStyles":{"_class":"sharedTextStyleContainer","objects":[]},"pages":[{"_class":"MSJSONFileReference","_ref_class":"MSImmutablePage","_ref":"pages\/6296ABE5-D28C-478E-B348-BE58EDDBF533"}],"userInfo":{"com.invisionlabs.sync":{"metadata":"{\"hasSynced\":0,\"hasProjectIdChanged\":0,\"projectId\":0,\"publicLink\":\"\",\"resolution\":2,\"syncAll\":1}"}}}