{"commit":"d5cff89adfb6ffc45ca7b7d58d65cada3f63f39a","pagesAndArtboards":{"6296ABE5-D28C-478E-B348-BE58EDDBF533":{"name":"Page 1","artboards":{"C5AA369C-F9B1-41E4-9BE5-F94818EF9366":{"name":"github-cover"},"332A102B-3877-4500-92ED-FF8414505640":{"name":"github-sponsor"}}}},"version":95,"fonts":["SFUIDisplay-Regular","SFUIDisplay-Light"],"compatibilityVersion":93,"app":"com.bohemiancoding.sketch3","autosaved":0,"variant":"NONAPPSTORE","created":{"commit":"d5cff89adfb6ffc45ca7b7d58d65cada3f63f39a","appVersion":"47.1","build":45422,"app":"com.bohemiancoding.sketch3","compatibilityVersion":93,"version":95,"variant":"NONAPPSTORE"},"saveHistory":["NONAPPSTORE.45422"],"appVersion":"47.1","build":45422}