{"_class":"document","do_objectID":"12E3B1FA-8B96-4718-A67D-3DDF148D4228","assets":{"_class":"assetCollection","colors":[],"gradients":[],"imageCollection":{"_class":"imageCollection","images":{}},"images":[]},"colorSpace":0,"currentPageIndex":0,"enableLayerInteraction":true,"enableSliceInteraction":true,"foreignSymbols":[],"layerStyles":{"_class":"sharedStyleContainer","objects":[]},"layerSymbols":{"_class":"symbolContainer","objects":[]},"layerTextStyles":{"_class":"sharedTextStyleContainer","objects":[]},"pages":[{"_class":"MSJSONFileReference","_ref_class":"MSImmutablePage","_ref":"pages\/37BEE21B-90A6-4DDF-A4F7-727185733C06"},{"_class":"MSJSONFileReference","_ref_class":"MSImmutablePage","_ref":"pages\/7A143FC0-A8D1-4A40-BA0C-6AD88C277549"}],"userInfo":{"com.invisionlabs.sync":{"metadata":"{\"hasSynced\":0,\"hasProjectIdChanged\":0,\"projectId\":0,\"publicLink\":\"\",\"resolution\":2,\"syncAll\":1}"}}}