{"commit":"80ddf8a336f285dfa2b96d05e69dba5714b6f0c4","pagesAndArtboards":{"7A143FC0-A8D1-4A40-BA0C-6AD88C277549":{"name":"Symbols","artboards":{"80A671AC-6A8D-46F7-951B-1C8064D68603":{"name":"buttons\/small\/with-icon\/front"},"F1FE53D5-ABD9-4F2D-B3D1-DA681A28F552":{"name":"section"},"49AEDBB5-B4F2-4EE6-A956-DE308F93C286":{"name":"buttons\/normal\/with-icon\/front"},"4B8E0741-9AED-48D0-83FF-07E3F82A6D0D":{"name":"buttons\/large\/default"},"7330DF5C-2CDD-4050-946D-5FEEC7F0817D":{"name":"buttons\/large\/with-icon\/front"},"8C692EF3-C5A3-4119-9091-4A07EE1F4A78":{"name":"buttons\/small\/default"},"C14C84FC-0CDB-46FD-BE5A-67DC71733823":{"name":"arrow-right"},"9538B28E-2E6E-4217-8579-88F970E8C9F4":{"name":"buttons\/normal\/default"}}},"37BEE21B-90A6-4DDF-A4F7-727185733C06":{"name":"Page 1","artboards":{"7F8F5342-AB97-4B92-9731-686EC33E7C7E":{"name":"ui"}}}},"version":95,"fonts":["SFUIDisplay-Ultralight","SFUIDisplay-Medium","SFUIDisplay-Semibold","SFUIDisplay-Regular"],"compatibilityVersion":93,"app":"com.bohemiancoding.sketch3","autosaved":0,"variant":"NONAPPSTORE","created":{"commit":"80ddf8a336f285dfa2b96d05e69dba5714b6f0c4","appVersion":"47","build":45396,"app":"com.bohemiancoding.sketch3","compatibilityVersion":93,"version":95,"variant":"NONAPPSTORE"},"saveHistory":["NONAPPSTORE.45396"],"appVersion":"47","build":45396}