{"12E3B1FA-8B96-4718-A67D-3DDF148D4228":{"pageListHeight":110,"cloudShare":{"UserId":"1536B3CB-97D6-423D-BF36-2E3798BBD53D","commentsEnabled":0,"id":"D268D9B9-08AB-4F24-B94D-C493FDDCCE3E","publicUrl":"https:\/\/sketch.cloud\/s\/R1RQy","updatedAt":"2017-10-14T19:24:25.875Z","createdAt":"2017-10-14T19:24:25.875Z","isPrivate":0,"shortId":"R1RQy"}},"7A143FC0-A8D1-4A40-BA0C-6AD88C277549":{"scrollOrigin":"{183, 123}","zoomValue":0.8022276413194666},"37BEE21B-90A6-4DDF-A4F7-727185733C06":{"scrollOrigin":"{374, 220}","zoomValue":0.2118351676541567}}