{"_class":"document","do_objectID":"3009B39B-9A81-472E-930A-8A0C7244849C","assets":{"_class":"assetCollection","colors":[],"gradients":[],"imageCollection":{"_class":"imageCollection","images":{}},"images":[]},"colorSpace":0,"currentPageIndex":0,"enableLayerInteraction":true,"enableSliceInteraction":true,"foreignSymbols":[],"layerStyles":{"_class":"sharedStyleContainer","objects":[]},"layerSymbols":{"_class":"symbolContainer","objects":[]},"layerTextStyles":{"_class":"sharedTextStyleContainer","objects":[]},"pages":[{"_class":"MSJSONFileReference","_ref_class":"MSImmutablePage","_ref":"pages\/398D33A9-727F-4D6E-A122-F1273C5CF22C"}],"userInfo":{"com.invisionlabs.sync":{"metadata":"{\"hasSynced\":0,\"hasProjectIdChanged\":0,\"projectId\":0,\"publicLink\":\"\",\"resolution\":2,\"syncAll\":1}"}}}