{"commit":"d5cff89adfb6ffc45ca7b7d58d65cada3f63f39a","pagesAndArtboards":{"398D33A9-727F-4D6E-A122-F1273C5CF22C":{"name":"Page 1","artboards":{"D8B8872A-DF26-4E97-B583-650711FE7870":{"name":"home"},"CCB4384C-6F46-4BEB-B1DF-C9B5591624EA":{"name":"books"},"C60ECC48-CB0D-4E89-9103-AE9CAE86E189":{"name":"forum-category-new"},"C4E72178-CA22-41A9-818A-3A3C2D098360":{"name":"forum-category-id"}}},"C9CC7D6D-77C1-4398-9E25-D14F13F35B82":{"name":"Symbols","artboards":{}}},"version":95,"fonts":["SFUIDisplay-Thin","SFUIDisplay-Bold","SFUIDisplay-Medium","SFUIDisplay-Semibold","SFUIDisplay-Regular","SFUIDisplay-Heavy","SFUIDisplay-Light"],"compatibilityVersion":93,"app":"com.bohemiancoding.sketch3","autosaved":0,"variant":"NONAPPSTORE","created":{"commit":"d5cff89adfb6ffc45ca7b7d58d65cada3f63f39a","appVersion":"47.1","build":45422,"app":"com.bohemiancoding.sketch3","compatibilityVersion":93,"version":95,"variant":"NONAPPSTORE"},"saveHistory":["NONAPPSTORE.45422"],"appVersion":"47.1","build":45422}